Cluster,Cluster Description
1,Large Wholesalers
0,Small Retailers
0,Small Retailers
0,Small Retailers
1,Large Wholesalers
0,Small Retailers
1,Large Wholesalers
1,Large Wholesalers
1,Large Wholesalers
0,Small Retailers
0,Small Retailers
0,Small Retailers
0,Small Retailers
0,Small Retailers
1,Large Wholesalers
0,Small Retailers
0,Small Retailers
0,Small Retailers
1,Large Wholesalers
0,Small Retailers
0,Small Retailers
0,Small Retailers
0,Small Retailers
1,Large Wholesalers
0,Small Retailers
0,Small Retailers
1,Large Wholesalers
0,Small Retailers
0,Small Retailers
0,Small Retailers
0,Small Retailers
1,Large Wholesalers
0,Small Retailers
1,Large Wholesalers
0,Small Retailers
0,Small Retailers
0,Small Retailers
0,Small Retailers
0,Small Retailers
0,Small Retailers
0,Small Retailers
0,Small Retailers
0,Small Retailers
1,Large Wholesalers
1,Large Wholesalers
0,Small Retailers
1,Large Wholesalers
0,Small Retailers
0,Small Retailers
0,Small Retailers
0,Small Retailers
1,Large Wholesalers
0,Small Retailers
0,Small Retailers
1,Large Wholesalers
2,Specialty Shops
0,Small Retailers
0,Small Retailers
0,Small Retailers
0,Small Retailers
0,Small Retailers
0,Small Retailers
1,Large Wholesalers
0,Small Retailers
1,Large Wholesalers
0,Small Retailers
0,Small Retailers
0,Small Retailers
0,Small Retailers
0,Small Retailers
0,Small Retailers
0,Small Retailers
0,Small Retailers
0,Small Retailers
0,Small Retailers
0,Small Retailers
0,Small Retailers
1,Large Wholesalers
0,Small Retailers
0,Small Retailers
0,Small Retailers
0,Small Retailers
1,Large Wholesalers
0,Small Retailers
0,Small Retailers
1,Large Wholesalers
0,Small Retailers
0,Small Retailers
0,Small Retailers
0,Small Retailers
0,Small Retailers
0,Small Retailers
0,Small Retailers
0,Small Retailers
0,Small Retailers
0,Small Retailers
0,Small Retailers
0,Small Retailers
0,Small Retailers
1,Large Wholesalers
0,Small Retailers
0,Small Retailers
0,Small Retailers
0,Small Retailers
0,Small Retailers
0,Small Retailers
0,Small Retailers
0,Small Retailers
0,Small Retailers
0,Small Retailers
0,Small Retailers
0,Small Retailers
0,Small Retailers
0,Small Retailers
1,Large Wholesalers
0,Small Retailers
0,Small Retailers
0,Small Retailers
1,Large Wholesalers
0,Small Retailers
0,Small Retailers
0,Small Retailers
0,Small Retailers
1,Large Wholesalers
0,Small Retailers
1,Large Wholesalers
0,Small Retailers
1,Large Wholesalers
1,Large Wholesalers
0,Small Retailers
0,Small Retailers
1,Large Wholesalers
1,Large Wholesalers
0,Small Retailers
0,Small Retailers
1,Large Wholesalers
1,Large Wholesalers
0,Small Retailers
0,Small Retailers
0,Small Retailers
0,Small Retailers
0,Small Retailers
1,Large Wholesalers
0,Small Retailers
0,Small Retailers
0,Small Retailers
0,Small Retailers
0,Small Retailers
0,Small Retailers
0,Small Retailers
0,Small Retailers
0,Small Retailers
0,Small Retailers
0,Small Retailers
0,Small Retailers
0,Small Retailers
0,Small Retailers
0,Small Retailers
0,Small Retailers
0,Small Retailers
0,Small Retailers
0,Small Retailers
1,Large Wholesalers
1,Large Wholesalers
0,Small Retailers
1,Large Wholesalers
0,Small Retailers
0,Small Retailers
0,Small Retailers
0,Small Retailers
0,Small Retailers
1,Large Wholesalers
0,Small Retailers
1,Large Wholesalers
0,Small Retailers
1,Large Wholesalers
1,Large Wholesalers
0,Small Retailers
0,Small Retailers
0,Small Retailers
0,Small Retailers
0,Small Retailers
1,Large Wholesalers
1,Large Wholesalers
0,Small Retailers
0,Small Retailers
0,Small Retailers
0,Small Retailers
1,Large Wholesalers
0,Small Retailers
1,Large Wholesalers
0,Small Retailers
0,Small Retailers
1,Large Wholesalers
0,Small Retailers
0,Small Retailers
0,Small Retailers
0,Small Retailers
1,Large Wholesalers
1,Large Wholesalers
0,Small Retailers
0,Small Retailers
0,Small Retailers
0,Small Retailers
0,Small Retailers
0,Small Retailers
0,Small Retailers
0,Small Retailers
1,Large Wholesalers
0,Small Retailers
0,Small Retailers
0,Small Retailers
1,Large Wholesalers
0,Small Retailers
0,Small Retailers
0,Small Retailers
0,Small Retailers
0,Small Retailers
0,Small Retailers
1,Large Wholesalers
0,Small Retailers
0,Small Retailers
0,Small Retailers
0,Small Retailers
0,Small Retailers
0,Small Retailers
0,Small Retailers
1,Large Wholesalers
1,Large Wholesalers
0,Small Retailers
1,Large Wholesalers
0,Small Retailers
0,Small Retailers
0,Small Retailers
0,Small Retailers
0,Small Retailers
0,Small Retailers
0,Small Retailers
0,Small Retailers
0,Small Retailers
1,Large Wholesalers
0,Small Retailers
0,Small Retailers
0,Small Retailers
0,Small Retailers
0,Small Retailers
0,Small Retailers
0,Small Retailers
0,Small Retailers
1,Large Wholesalers
0,Small Retailers
0,Small Retailers
1,Large Wholesalers
1,Large Wholesalers
1,Large Wholesalers
0,Small Retailers
0,Small Retailers
0,Small Retailers
0,Small Retailers
0,Small Retailers
0,Small Retailers
0,Small Retailers
0,Small Retailers
1,Large Wholesalers
1,Large Wholesalers
0,Small Retailers
0,Small Retailers
1,Large Wholesalers
0,Small Retailers
1,Large Wholesalers
0,Small Retailers
0,Small Retailers
0,Small Retailers
0,Small Retailers
0,Small Retailers
0,Small Retailers
0,Small Retailers
0,Small Retailers
0,Small Retailers
0,Small Retailers
0,Small Retailers
1,Large Wholesalers
0,Small Retailers
0,Small Retailers
1,Large Wholesalers
0,Small Retailers
0,Small Retailers
0,Small Retailers
0,Small Retailers
0,Small Retailers
0,Small Retailers
0,Small Retailers
0,Small Retailers
0,Small Retailers
0,Small Retailers
0,Small Retailers
1,Large Wholesalers
0,Small Retailers
0,Small Retailers
0,Small Retailers
0,Small Retailers
0,Small Retailers
0,Small Retailers
0,Small Retailers
0,Small Retailers
1,Large Wholesalers
0,Small Retailers
0,Small Retailers
0,Small Retailers
0,Small Retailers
0,Small Retailers
0,Small Retailers
0,Small Retailers
1,Large Wholesalers
0,Small Retailers
0,Small Retailers
0,Small Retailers
0,Small Retailers
0,Small Retailers
1,Large Wholesalers
1,Large Wholesalers
1,Large Wholesalers
1,Large Wholesalers
1,Large Wholesalers
1,Large Wholesalers
0,Small Retailers
0,Small Retailers
0,Small Retailers
0,Small Retailers
0,Small Retailers
2,Specialty Shops
0,Small Retailers
0,Small Retailers
0,Small Retailers
0,Small Retailers
1,Large Wholesalers
1,Large Wholesalers
0,Small Retailers
0,Small Retailers
0,Small Retailers
0,Small Retailers
0,Small Retailers
0,Small Retailers
1,Large Wholesalers
0,Small Retailers
1,Large Wholesalers
1,Large Wholesalers
0,Small Retailers
0,Small Retailers
0,Small Retailers
0,Small Retailers
0,Small Retailers
0,Small Retailers
0,Small Retailers
0,Small Retailers
0,Small Retailers
0,Small Retailers
0,Small Retailers
1,Large Wholesalers
1,Large Wholesalers
1,Large Wholesalers
1,Large Wholesalers
0,Small Retailers
0,Small Retailers
1,Large Wholesalers
0,Small Retailers
1,Large Wholesalers
0,Small Retailers
1,Large Wholesalers
1,Large Wholesalers
0,Small Retailers
0,Small Retailers
1,Large Wholesalers
0,Small Retailers
1,Large Wholesalers
1,Large Wholesalers
0,Small Retailers
1,Large Wholesalers
0,Small Retailers
0,Small Retailers
0,Small Retailers
0,Small Retailers
0,Small Retailers
0,Small Retailers
1,Large Wholesalers
0,Small Retailers
1,Large Wholesalers
0,Small Retailers
1,Large Wholesalers
1,Large Wholesalers
0,Small Retailers
1,Large Wholesalers
0,Small Retailers
0,Small Retailers
0,Small Retailers
0,Small Retailers
0,Small Retailers
0,Small Retailers
0,Small Retailers
1,Large Wholesalers
0,Small Retailers
0,Small Retailers
0,Small Retailers
1,Large Wholesalers
0,Small Retailers
0,Small Retailers
1,Large Wholesalers
0,Small Retailers
1,Large Wholesalers
0,Small Retailers
0,Small Retailers
0,Small Retailers
1,Large Wholesalers
0,Small Retailers
1,Large Wholesalers
1,Large Wholesalers
0,Small Retailers
1,Large Wholesalers
1,Large Wholesalers
1,Large Wholesalers
0,Small Retailers
0,Small Retailers
0,Small Retailers
0,Small Retailers
1,Large Wholesalers
0,Small Retailers
0,Small Retailers
0,Small Retailers
0,Small Retailers
0,Small Retailers
1,Large Wholesalers
0,Small Retailers
1,Large Wholesalers
0,Small Retailers
0,Small Retailers
1,Large Wholesalers
0,Small Retailers
1,Large Wholesalers
0,Small Retailers
0,Small Retailers
0,Small Retailers
0,Small Retailers
0,Small Retailers
0,Small Retailers
0,Small Retailers
1,Large Wholesalers
0,Small Retailers
0,Small Retailers
0,Small Retailers
0,Small Retailers
0,Small Retailers
1,Large Wholesalers
0,Small Retailers
0,Small Retailers
0,Small Retailers
0,Small Retailers
0,Small Retailers
0,Small Retailers
0,Small Retailers
0,Small Retailers
0,Small Retailers
0,Small Retailers
0,Small Retailers
0,Small Retailers
0,Small Retailers
0,Small Retailers
0,Small Retailers
1,Large Wholesalers
0,Small Retailers
1,Large Wholesalers
0,Small Retailers
0,Small Retailers
0,Small Retailers
0,Small Retailers
0,Small Retailers
0,Small Retailers
0,Small Retailers
0,Small Retailers
1,Large Wholesalers
0,Small Retailers
0,Small Retailers
0,Small Retailers
0,Small Retailers
0,Small Retailers
0,Small Retailers
0,Small Retailers
0,Small Retailers
0,Small Retailers
1,Large Wholesalers
1,Large Wholesalers
1,Large Wholesalers
1,Large Wholesalers
0,Small Retailers
1,Large Wholesalers
0,Small Retailers
0,Small Retailers
0,Small Retailers
1,Large Wholesalers
0,Small Retailers
0,Small Retailers
0,Small Retailers
0,Small Retailers
0,Small Retailers
0,Small Retailers
0,Small Retailers
1,Large Wholesalers
0,Small Retailers
0,Small Retailers
1,Large Wholesalers
0,Small Retailers
0,Small Retailers
1,Large Wholesalers
0,Small Retailers
1,Large Wholesalers
1,Large Wholesalers
0,Small Retailers
0,Small Retailers
0,Small Retailers
0,Small Retailers
0,Small Retailers
0,Small Retailers
0,Small Retailers
0,Small Retailers
0,Small Retailers
0,Small Retailers
0,Small Retailers
0,Small Retailers
0,Small Retailers
0,Small Retailers
0,Small Retailers
1,Large Wholesalers
0,Small Retailers
0,Small Retailers
0,Small Retailers
0,Small Retailers
0,Small Retailers
1,Large Wholesalers
1,Large Wholesalers
0,Small Retailers
0,Small Retailers
0,Small Retailers
0,Small Retailers
0,Small Retailers
0,Small Retailers
1,Large Wholesalers
0,Small Retailers
0,Small Retailers
1,Large Wholesalers
1,Large Wholesalers
0,Small Retailers
1,Large Wholesalers
0,Small Retailers
1,Large Wholesalers
0,Small Retailers
0,Small Retailers
0,Small Retailers
0,Small Retailers
1,Large Wholesalers
1,Large Wholesalers
0,Small Retailers
0,Small Retailers
0,Small Retailers
0,Small Retailers
1,Large Wholesalers
0,Small Retailers
0,Small Retailers
0,Small Retailers
1,Large Wholesalers
2,Specialty Shops
0,Small Retailers
0,Small Retailers
0,Small Retailers
1,Large Wholesalers
0,Small Retailers
0,Small Retailers
0,Small Retailers
0,Small Retailers
0,Small Retailers
1,Large Wholesalers
0,Small Retailers
0,Small Retailers
0,Small Retailers
0,Small Retailers
0,Small Retailers
1,Large Wholesalers
0,Small Retailers
0,Small Retailers
0,Small Retailers
0,Small Retailers
0,Small Retailers
0,Small Retailers
0,Small Retailers
1,Large Wholesalers
1,Large Wholesalers
0,Small Retailers
0,Small Retailers
0,Small Retailers
0,Small Retailers
0,Small Retailers
0,Small Retailers
1,Large Wholesalers
1,Large Wholesalers
0,Small Retailers
1,Large Wholesalers
0,Small Retailers
0,Small Retailers
0,Small Retailers
0,Small Retailers
0,Small Retailers
0,Small Retailers
0,Small Retailers
1,Large Wholesalers
0,Small Retailers
0,Small Retailers
0,Small Retailers
0,Small Retailers
0,Small Retailers
1,Large Wholesalers
0,Small Retailers
1,Large Wholesalers
0,Small Retailers
0,Small Retailers
0,Small Retailers
0,Small Retailers
0,Small Retailers
1,Large Wholesalers
0,Small Retailers
0,Small Retailers
1,Large Wholesalers
0,Small Retailers
0,Small Retailers
0,Small Retailers
0,Small Retailers
0,Small Retailers
0,Small Retailers
0,Small Retailers
0,Small Retailers
0,Small Retailers
0,Small Retailers
0,Small Retailers
0,Small Retailers
0,Small Retailers
1,Large Wholesalers
0,Small Retailers
1,Large Wholesalers
0,Small Retailers
0,Small Retailers
0,Small Retailers
0,Small Retailers
0,Small Retailers
0,Small Retailers
0,Small Retailers
0,Small Retailers
0,Small Retailers
0,Small Retailers
0,Small Retailers
0,Small Retailers
0,Small Retailers
0,Small Retailers
0,Small Retailers
0,Small Retailers
0,Small Retailers
1,Large Wholesalers
0,Small Retailers
0,Small Retailers
0,Small Retailers
1,Large Wholesalers
1,Large Wholesalers
0,Small Retailers
0,Small Retailers
1,Large Wholesalers
1,Large Wholesalers
0,Small Retailers
1,Large Wholesalers
0,Small Retailers
0,Small Retailers
0,Small Retailers
1,Large Wholesalers
0,Small Retailers
0,Small Retailers
1,Large Wholesalers
0,Small Retailers
0,Small Retailers
1,Large Wholesalers
0,Small Retailers
0,Small Retailers
0,Small Retailers
0,Small Retailers
0,Small Retailers
0,Small Retailers
1,Large Wholesalers
0,Small Retailers
0,Small Retailers
0,Small Retailers
0,Small Retailers
0,Small Retailers
1,Large Wholesalers
1,Large Wholesalers
0,Small Retailers
0,Small Retailers
0,Small Retailers
0,Small Retailers
0,Small Retailers
0,Small Retailers
1,Large Wholesalers
0,Small Retailers
0,Small Retailers
0,Small Retailers
0,Small Retailers
0,Small Retailers
0,Small Retailers
0,Small Retailers
0,Small Retailers
0,Small Retailers
0,Small Retailers
1,Large Wholesalers
0,Small Retailers
1,Large Wholesalers
0,Small Retailers
1,Large Wholesalers
1,Large Wholesalers
0,Small Retailers
0,Small Retailers
0,Small Retailers
1,Large Wholesalers
1,Large Wholesalers
0,Small Retailers
1,Large Wholesalers
1,Large Wholesalers
0,Small Retailers
0,Small Retailers
0,Small Retailers
0,Small Retailers
0,Small Retailers
0,Small Retailers
0,Small Retailers
0,Small Retailers
0,Small Retailers
0,Small Retailers
0,Small Retailers
0,Small Retailers
0,Small Retailers
0,Small Retailers
0,Small Retailers
0,Small Retailers
0,Small Retailers
0,Small Retailers
0,Small Retailers
1,Large Wholesalers
0,Small Retailers
0,Small Retailers
0,Small Retailers
0,Small Retailers
0,Small Retailers
1,Large Wholesalers
1,Large Wholesalers
0,Small Retailers
1,Large Wholesalers
1,Large Wholesalers
0,Small Retailers
1,Large Wholesalers
0,Small Retailers
0,Small Retailers
0,Small Retailers
0,Small Retailers
0,Small Retailers
0,Small Retailers
0,Small Retailers
0,Small Retailers
0,Small Retailers
1,Large Wholesalers
1,Large Wholesalers
0,Small Retailers
0,Small Retailers
0,Small Retailers
0,Small Retailers
0,Small Retailers
0,Small Retailers
1,Large Wholesalers
1,Large Wholesalers
1,Large Wholesalers
0,Small Retailers
0,Small Retailers
0,Small Retailers
0,Small Retailers
0,Small Retailers
0,Small Retailers
1,Large Wholesalers
0,Small Retailers
1,Large Wholesalers
0,Small Retailers
0,Small Retailers
0,Small Retailers
1,Large Wholesalers
0,Small Retailers
1,Large Wholesalers
0,Small Retailers
0,Small Retailers
1,Large Wholesalers
0,Small Retailers
0,Small Retailers
0,Small Retailers
0,Small Retailers
0,Small Retailers
0,Small Retailers
0,Small Retailers
0,Small Retailers
0,Small Retailers
0,Small Retailers
0,Small Retailers
0,Small Retailers
0,Small Retailers
0,Small Retailers
0,Small Retailers
0,Small Retailers
0,Small Retailers
0,Small Retailers
0,Small Retailers
0,Small Retailers
0,Small Retailers
0,Small Retailers
0,Small Retailers
0,Small Retailers
0,Small Retailers
0,Small Retailers
1,Large Wholesalers
0,Small Retailers
0,Small Retailers
0,Small Retailers
0,Small Retailers
0,Small Retailers
0,Small Retailers
1,Large Wholesalers
1,Large Wholesalers
0,Small Retailers
0,Small Retailers
0,Small Retailers
0,Small Retailers
0,Small Retailers
1,Large Wholesalers
0,Small Retailers
0,Small Retailers
0,Small Retailers
0,Small Retailers
0,Small Retailers
0,Small Retailers
0,Small Retailers
1,Large Wholesalers
1,Large Wholesalers
1,Large Wholesalers
0,Small Retailers
1,Large Wholesalers
0,Small Retailers
1,Large Wholesalers
0,Small Retailers
1,Large Wholesalers
1,Large Wholesalers
0,Small Retailers
0,Small Retailers
0,Small Retailers
0,Small Retailers
0,Small Retailers
0,Small Retailers
1,Large Wholesalers
1,Large Wholesalers
0,Small Retailers
0,Small Retailers
1,Large Wholesalers
0,Small Retailers
0,Small Retailers
1,Large Wholesalers
0,Small Retailers
0,Small Retailers
0,Small Retailers
0,Small Retailers
1,Large Wholesalers
0,Small Retailers
1,Large Wholesalers
0,Small Retailers
0,Small Retailers
1,Large Wholesalers
0,Small Retailers
0,Small Retailers
0,Small Retailers
0,Small Retailers
0,Small Retailers
0,Small Retailers
0,Small Retailers
0,Small Retailers
0,Small Retailers
0,Small Retailers
0,Small Retailers
0,Small Retailers
0,Small Retailers
0,Small Retailers
0,Small Retailers
1,Large Wholesalers
0,Small Retailers
1,Large Wholesalers
0,Small Retailers
0,Small Retailers
0,Small Retailers
0,Small Retailers
0,Small Retailers
0,Small Retailers
0,Small Retailers
0,Small Retailers
1,Large Wholesalers
0,Small Retailers
0,Small Retailers
0,Small Retailers
0,Small Retailers
0,Small Retailers
1,Large Wholesalers
0,Small Retailers
0,Small Retailers
0,Small Retailers
0,Small Retailers
0,Small Retailers
1,Large Wholesalers
0,Small Retailers
1,Large Wholesalers
0,Small Retailers
1,Large Wholesalers
0,Small Retailers
0,Small Retailers
0,Small Retailers
0,Small Retailers
0,Small Retailers
1,Large Wholesalers
1,Large Wholesalers
1,Large Wholesalers
0,Small Retailers
0,Small Retailers
0,Small Retailers
0,Small Retailers
0,Small Retailers
0,Small Retailers
0,Small Retailers
0,Small Retailers
0,Small Retailers
0,Small Retailers
0,Small Retailers
1,Large Wholesalers
0,Small Retailers
0,Small Retailers
0,Small Retailers
0,Small Retailers
0,Small Retailers
0,Small Retailers
0,Small Retailers
0,Small Retailers
1,Large Wholesalers
0,Small Retailers
1,Large Wholesalers
0,Small Retailers
0,Small Retailers
1,Large Wholesalers
0,Small Retailers
0,Small Retailers
0,Small Retailers
0,Small Retailers
0,Small Retailers
0,Small Retailers
0,Small Retailers
0,Small Retailers
0,Small Retailers
0,Small Retailers
0,Small Retailers
1,Large Wholesalers
0,Small Retailers
0,Small Retailers
0,Small Retailers
0,Small Retailers
1,Large Wholesalers
0,Small Retailers
0,Small Retailers
0,Small Retailers
0,Small Retailers
0,Small Retailers
1,Large Wholesalers
0,Small Retailers
0,Small Retailers
1,Large Wholesalers
0,Small Retailers
1,Large Wholesalers
0,Small Retailers
1,Large Wholesalers
0,Small Retailers
0,Small Retailers
0,Small Retailers
1,Large Wholesalers
0,Small Retailers
1,Large Wholesalers
1,Large Wholesalers
0,Small Retailers
0,Small Retailers
1,Large Wholesalers
1,Large Wholesalers
0,Small Retailers
1,Large Wholesalers
0,Small Retailers
0,Small Retailers
0,Small Retailers
1,Large Wholesalers
2,Specialty Shops
0,Small Retailers
0,Small Retailers
1,Large Wholesalers
0,Small Retailers
1,Large Wholesalers
0,Small Retailers
0,Small Retailers
1,Large Wholesalers
1,Large Wholesalers
1,Large Wholesalers
0,Small Retailers
0,Small Retailers
1,Large Wholesalers
1,Large Wholesalers
1,Large Wholesalers
1,Large Wholesalers
0,Small Retailers
1,Large Wholesalers
0,Small Retailers
0,Small Retailers
0,Small Retailers
0,Small Retailers
1,Large Wholesalers
0,Small Retailers
0,Small Retailers
0,Small Retailers
0,Small Retailers
0,Small Retailers
1,Large Wholesalers
0,Small Retailers
0,Small Retailers
0,Small Retailers
1,Large Wholesalers
0,Small Retailers
1,Large Wholesalers
0,Small Retailers
0,Small Retailers
0,Small Retailers
0,Small Retailers
1,Large Wholesalers
1,Large Wholesalers
0,Small Retailers
0,Small Retailers
1,Large Wholesalers
0,Small Retailers
1,Large Wholesalers
1,Large Wholesalers
0,Small Retailers
0,Small Retailers
0,Small Retailers
0,Small Retailers
0,Small Retailers
0,Small Retailers
1,Large Wholesalers
0,Small Retailers
0,Small Retailers
0,Small Retailers
0,Small Retailers
0,Small Retailers
0,Small Retailers
0,Small Retailers
0,Small Retailers
0,Small Retailers
0,Small Retailers
1,Large Wholesalers
0,Small Retailers
0,Small Retailers
1,Large Wholesalers
0,Small Retailers
0,Small Retailers
0,Small Retailers
0,Small Retailers
0,Small Retailers
0,Small Retailers
1,Large Wholesalers
0,Small Retailers
0,Small Retailers
1,Large Wholesalers
0,Small Retailers
0,Small Retailers
0,Small Retailers
1,Large Wholesalers
0,Small Retailers
1,Large Wholesalers
0,Small Retailers
1,Large Wholesalers
0,Small Retailers
0,Small Retailers
0,Small Retailers
0,Small Retailers
0,Small Retailers
0,Small Retailers
1,Large Wholesalers
1,Large Wholesalers
0,Small Retailers
0,Small Retailers
0,Small Retailers
1,Large Wholesalers
0,Small Retailers
0,Small Retailers
1,Large Wholesalers
0,Small Retailers
0,Small Retailers
1,Large Wholesalers
0,Small Retailers
1,Large Wholesalers
0,Small Retailers
1,Large Wholesalers
0,Small Retailers
0,Small Retailers
0,Small Retailers
0,Small Retailers
0,Small Retailers
0,Small Retailers
0,Small Retailers
0,Small Retailers
0,Small Retailers
0,Small Retailers
1,Large Wholesalers
0,Small Retailers
1,Large Wholesalers
0,Small Retailers
0,Small Retailers
1,Large Wholesalers
0,Small Retailers
0,Small Retailers
0,Small Retailers
0,Small Retailers
0,Small Retailers
0,Small Retailers
0,Small Retailers
0,Small Retailers
1,Large Wholesalers
0,Small Retailers
0,Small Retailers
0,Small Retailers
0,Small Retailers
0,Small Retailers
0,Small Retailers
0,Small Retailers
0,Small Retailers
0,Small Retailers
1,Large Wholesalers
0,Small Retailers
1,Large Wholesalers
0,Small Retailers
0,Small Retailers
0,Small Retailers
0,Small Retailers
1,Large Wholesalers
0,Small Retailers
0,Small Retailers
0,Small Retailers
1,Large Wholesalers
0,Small Retailers
1,Large Wholesalers
0,Small Retailers
0,Small Retailers
0,Small Retailers
0,Small Retailers
0,Small Retailers
0,Small Retailers
0,Small Retailers
0,Small Retailers
1,Large Wholesalers
0,Small Retailers
0,Small Retailers
0,Small Retailers
0,Small Retailers
0,Small Retailers
0,Small Retailers
1,Large Wholesalers
0,Small Retailers
0,Small Retailers
1,Large Wholesalers
0,Small Retailers
1,Large Wholesalers
1,Large Wholesalers
1,Large Wholesalers
0,Small Retailers
0,Small Retailers
0,Small Retailers
0,Small Retailers
0,Small Retailers
0,Small Retailers
1,Large Wholesalers
0,Small Retailers
0,Small Retailers
1,Large Wholesalers
1,Large Wholesalers
0,Small Retailers
0,Small Retailers
1,Large Wholesalers
0,Small Retailers
1,Large Wholesalers
0,Small Retailers
0,Small Retailers
0,Small Retailers
1,Large Wholesalers
1,Large Wholesalers
0,Small Retailers
0,Small Retailers
0,Small Retailers
1,Large Wholesalers
0,Small Retailers
0,Small Retailers
1,Large Wholesalers
0,Small Retailers
0,Small Retailers
0,Small Retailers
0,Small Retailers
0,Small Retailers
0,Small Retailers
0,Small Retailers
0,Small Retailers
0,Small Retailers
0,Small Retailers
1,Large Wholesalers
0,Small Retailers
0,Small Retailers
0,Small Retailers
0,Small Retailers
0,Small Retailers
0,Small Retailers
1,Large Wholesalers
0,Small Retailers
0,Small Retailers
0,Small Retailers
0,Small Retailers
0,Small Retailers
1,Large Wholesalers
1,Large Wholesalers
0,Small Retailers
0,Small Retailers
0,Small Retailers
1,Large Wholesalers
0,Small Retailers
0,Small Retailers
1,Large Wholesalers
1,Large Wholesalers
0,Small Retailers
0,Small Retailers
0,Small Retailers
0,Small Retailers
0,Small Retailers
0,Small Retailers
0,Small Retailers
0,Small Retailers
0,Small Retailers
1,Large Wholesalers
1,Large Wholesalers
0,Small Retailers
0,Small Retailers
0,Small Retailers
1,Large Wholesalers
0,Small Retailers
0,Small Retailers
1,Large Wholesalers
0,Small Retailers
1,Large Wholesalers
0,Small Retailers
0,Small Retailers
0,Small Retailers
0,Small Retailers
0,Small Retailers
0,Small Retailers
0,Small Retailers
0,Small Retailers
0,Small Retailers
1,Large Wholesalers
0,Small Retailers
0,Small Retailers
0,Small Retailers
1,Large Wholesalers
0,Small Retailers
1,Large Wholesalers
0,Small Retailers
0,Small Retailers
0,Small Retailers
0,Small Retailers
0,Small Retailers
0,Small Retailers
0,Small Retailers
0,Small Retailers
1,Large Wholesalers
1,Large Wholesalers
0,Small Retailers
0,Small Retailers
0,Small Retailers
0,Small Retailers
0,Small Retailers
1,Large Wholesalers
0,Small Retailers
0,Small Retailers
2,Specialty Shops
0,Small Retailers
0,Small Retailers
0,Small Retailers
0,Small Retailers
0,Small Retailers
1,Large Wholesalers
0,Small Retailers
0,Small Retailers
0,Small Retailers
0,Small Retailers
0,Small Retailers
0,Small Retailers
0,Small Retailers
0,Small Retailers
1,Large Wholesalers
0,Small Retailers
1,Large Wholesalers
1,Large Wholesalers
0,Small Retailers
0,Small Retailers
0,Small Retailers
0,Small Retailers
0,Small Retailers
0,Small Retailers
0,Small Retailers
1,Large Wholesalers
0,Small Retailers
0,Small Retailers
0,Small Retailers
0,Small Retailers
0,Small Retailers
0,Small Retailers
0,Small Retailers
1,Large Wholesalers
0,Small Retailers
0,Small Retailers
0,Small Retailers
0,Small Retailers
1,Large Wholesalers
1,Large Wholesalers
0,Small Retailers
0,Small Retailers
1,Large Wholesalers
1,Large Wholesalers
2,Specialty Shops
0,Small Retailers
0,Small Retailers
0,Small Retailers
1,Large Wholesalers
1,Large Wholesalers
0,Small Retailers
0,Small Retailers
1,Large Wholesalers
0,Small Retailers
0,Small Retailers
0,Small Retailers
0,Small Retailers
0,Small Retailers
1,Large Wholesalers
0,Small Retailers
0,Small Retailers
0,Small Retailers
0,Small Retailers
0,Small Retailers
1,Large Wholesalers
0,Small Retailers
0,Small Retailers
0,Small Retailers
0,Small Retailers
0,Small Retailers
1,Large Wholesalers
0,Small Retailers
0,Small Retailers
1,Large Wholesalers
0,Small Retailers
0,Small Retailers
0,Small Retailers
1,Large Wholesalers
0,Small Retailers
0,Small Retailers
0,Small Retailers
0,Small Retailers
0,Small Retailers
1,Large Wholesalers
0,Small Retailers
0,Small Retailers
0,Small Retailers
0,Small Retailers
0,Small Retailers
0,Small Retailers
1,Large Wholesalers
0,Small Retailers
1,Large Wholesalers
0,Small Retailers
0,Small Retailers
0,Small Retailers
0,Small Retailers
0,Small Retailers
1,Large Wholesalers
0,Small Retailers
0,Small Retailers
0,Small Retailers
0,Small Retailers
0,Small Retailers
1,Large Wholesalers
1,Large Wholesalers
0,Small Retailers
0,Small Retailers
1,Large Wholesalers
1,Large Wholesalers
0,Small Retailers
1,Large Wholesalers
0,Small Retailers
1,Large Wholesalers
1,Large Wholesalers
0,Small Retailers
0,Small Retailers
1,Large Wholesalers
0,Small Retailers
0,Small Retailers
1,Large Wholesalers
0,Small Retailers
0,Small Retailers
1,Large Wholesalers
0,Small Retailers
1,Large Wholesalers
1,Large Wholesalers
1,Large Wholesalers
0,Small Retailers
0,Small Retailers
0,Small Retailers
0,Small Retailers
1,Large Wholesalers
0,Small Retailers
0,Small Retailers
0,Small Retailers
0,Small Retailers
0,Small Retailers
1,Large Wholesalers
0,Small Retailers
0,Small Retailers
0,Small Retailers
0,Small Retailers
0,Small Retailers
0,Small Retailers
0,Small Retailers
2,Specialty Shops
0,Small Retailers
0,Small Retailers
0,Small Retailers
1,Large Wholesalers
0,Small Retailers
0,Small Retailers
0,Small Retailers
0,Small Retailers
1,Large Wholesalers
0,Small Retailers
0,Small Retailers
0,Small Retailers
0,Small Retailers
1,Large Wholesalers
0,Small Retailers
0,Small Retailers
1,Large Wholesalers
1,Large Wholesalers
0,Small Retailers
0,Small Retailers
0,Small Retailers
0,Small Retailers
0,Small Retailers
0,Small Retailers
0,Small Retailers
1,Large Wholesalers
1,Large Wholesalers
1,Large Wholesalers
0,Small Retailers
0,Small Retailers
0,Small Retailers
0,Small Retailers
0,Small Retailers
1,Large Wholesalers
0,Small Retailers
1,Large Wholesalers
1,Large Wholesalers
1,Large Wholesalers
1,Large Wholesalers
0,Small Retailers
1,Large Wholesalers
0,Small Retailers
0,Small Retailers
0,Small Retailers
0,Small Retailers
0,Small Retailers
0,Small Retailers
0,Small Retailers
1,Large Wholesalers
1,Large Wholesalers
1,Large Wholesalers
1,Large Wholesalers
1,Large Wholesalers
0,Small Retailers
0,Small Retailers
0,Small Retailers
0,Small Retailers
0,Small Retailers
1,Large Wholesalers
0,Small Retailers
0,Small Retailers
0,Small Retailers
0,Small Retailers
1,Large Wholesalers
0,Small Retailers
0,Small Retailers
0,Small Retailers
1,Large Wholesalers
0,Small Retailers
0,Small Retailers
0,Small Retailers
0,Small Retailers
0,Small Retailers
0,Small Retailers
0,Small Retailers
0,Small Retailers
1,Large Wholesalers
0,Small Retailers
1,Large Wholesalers
0,Small Retailers
0,Small Retailers
0,Small Retailers
0,Small Retailers
0,Small Retailers
0,Small Retailers
0,Small Retailers
0,Small Retailers
1,Large Wholesalers
0,Small Retailers
0,Small Retailers
0,Small Retailers
0,Small Retailers
1,Large Wholesalers
0,Small Retailers
0,Small Retailers
0,Small Retailers
1,Large Wholesalers
1,Large Wholesalers
1,Large Wholesalers
0,Small Retailers
0,Small Retailers
0,Small Retailers
0,Small Retailers
0,Small Retailers
0,Small Retailers
0,Small Retailers
0,Small Retailers
1,Large Wholesalers
0,Small Retailers
0,Small Retailers
1,Large Wholesalers
0,Small Retailers
1,Large Wholesalers
1,Large Wholesalers
0,Small Retailers
0,Small Retailers
0,Small Retailers
0,Small Retailers
1,Large Wholesalers
0,Small Retailers
0,Small Retailers
0,Small Retailers
0,Small Retailers
0,Small Retailers
0,Small Retailers
0,Small Retailers
1,Large Wholesalers
0,Small Retailers
1,Large Wholesalers
0,Small Retailers
1,Large Wholesalers
0,Small Retailers
1,Large Wholesalers
0,Small Retailers
0,Small Retailers
0,Small Retailers
0,Small Retailers
1,Large Wholesalers
1,Large Wholesalers
0,Small Retailers
0,Small Retailers
0,Small Retailers
1,Large Wholesalers
1,Large Wholesalers
0,Small Retailers
0,Small Retailers
0,Small Retailers
0,Small Retailers
0,Small Retailers
0,Small Retailers
0,Small Retailers
0,Small Retailers
0,Small Retailers
0,Small Retailers
0,Small Retailers
0,Small Retailers
1,Large Wholesalers
0,Small Retailers
0,Small Retailers
0,Small Retailers
0,Small Retailers
0,Small Retailers
0,Small Retailers
0,Small Retailers
0,Small Retailers
0,Small Retailers
0,Small Retailers
0,Small Retailers
0,Small Retailers
0,Small Retailers
0,Small Retailers
1,Large Wholesalers
0,Small Retailers
0,Small Retailers
0,Small Retailers
1,Large Wholesalers
0,Small Retailers
0,Small Retailers
0,Small Retailers
0,Small Retailers
0,Small Retailers
1,Large Wholesalers
0,Small Retailers
0,Small Retailers
0,Small Retailers
0,Small Retailers
1,Large Wholesalers
1,Large Wholesalers
0,Small Retailers
0,Small Retailers
1,Large Wholesalers
0,Small Retailers
0,Small Retailers
0,Small Retailers
0,Small Retailers
0,Small Retailers
0,Small Retailers
0,Small Retailers
0,Small Retailers
0,Small Retailers
0,Small Retailers
0,Small Retailers
1,Large Wholesalers
0,Small Retailers
1,Large Wholesalers
1,Large Wholesalers
0,Small Retailers
0,Small Retailers
0,Small Retailers
0,Small Retailers
0,Small Retailers
1,Large Wholesalers
0,Small Retailers
1,Large Wholesalers
0,Small Retailers
1,Large Wholesalers
0,Small Retailers
0,Small Retailers
0,Small Retailers
0,Small Retailers
0,Small Retailers
0,Small Retailers
0,Small Retailers
1,Large Wholesalers
0,Small Retailers
1,Large Wholesalers
0,Small Retailers
0,Small Retailers
0,Small Retailers
0,Small Retailers
1,Large Wholesalers
0,Small Retailers
1,Large Wholesalers
1,Large Wholesalers
0,Small Retailers
1,Large Wholesalers
0,Small Retailers
0,Small Retailers
1,Large Wholesalers
0,Small Retailers
1,Large Wholesalers
0,Small Retailers
0,Small Retailers
0,Small Retailers
1,Large Wholesalers
1,Large Wholesalers
0,Small Retailers
0,Small Retailers
0,Small Retailers
0,Small Retailers
0,Small Retailers
0,Small Retailers
1,Large Wholesalers
0,Small Retailers
1,Large Wholesalers
2,Specialty Shops
1,Large Wholesalers
0,Small Retailers
0,Small Retailers
0,Small Retailers
0,Small Retailers
0,Small Retailers
1,Large Wholesalers
0,Small Retailers
0,Small Retailers
0,Small Retailers
0,Small Retailers
0,Small Retailers
0,Small Retailers
0,Small Retailers
0,Small Retailers
0,Small Retailers
0,Small Retailers
1,Large Wholesalers
1,Large Wholesalers
1,Large Wholesalers
0,Small Retailers
0,Small Retailers
0,Small Retailers
1,Large Wholesalers
0,Small Retailers
0,Small Retailers
1,Large Wholesalers
0,Small Retailers
0,Small Retailers
0,Small Retailers
1,Large Wholesalers
0,Small Retailers
0,Small Retailers
0,Small Retailers
1,Large Wholesalers
0,Small Retailers
1,Large Wholesalers
0,Small Retailers
1,Large Wholesalers
0,Small Retailers
0,Small Retailers
0,Small Retailers
0,Small Retailers
0,Small Retailers
1,Large Wholesalers
0,Small Retailers
0,Small Retailers
0,Small Retailers
0,Small Retailers
0,Small Retailers
0,Small Retailers
0,Small Retailers
0,Small Retailers
0,Small Retailers
0,Small Retailers
0,Small Retailers
1,Large Wholesalers
0,Small Retailers
0,Small Retailers
1,Large Wholesalers
1,Large Wholesalers
0,Small Retailers
0,Small Retailers
0,Small Retailers
0,Small Retailers
0,Small Retailers
0,Small Retailers
0,Small Retailers
0,Small Retailers
1,Large Wholesalers
0,Small Retailers
0,Small Retailers
0,Small Retailers
1,Large Wholesalers
0,Small Retailers
0,Small Retailers
0,Small Retailers
0,Small Retailers
0,Small Retailers
0,Small Retailers
0,Small Retailers
1,Large Wholesalers
0,Small Retailers
1,Large Wholesalers
0,Small Retailers
1,Large Wholesalers
0,Small Retailers
0,Small Retailers
0,Small Retailers
0,Small Retailers
0,Small Retailers
1,Large Wholesalers
0,Small Retailers
0,Small Retailers
0,Small Retailers
0,Small Retailers
0,Small Retailers
1,Large Wholesalers
0,Small Retailers
1,Large Wholesalers
0,Small Retailers
0,Small Retailers
0,Small Retailers
0,Small Retailers
0,Small Retailers
0,Small Retailers
0,Small Retailers
0,Small Retailers
1,Large Wholesalers
0,Small Retailers
0,Small Retailers
0,Small Retailers
0,Small Retailers
0,Small Retailers
1,Large Wholesalers
0,Small Retailers
0,Small Retailers
0,Small Retailers
0,Small Retailers
0,Small Retailers
1,Large Wholesalers
0,Small Retailers
1,Large Wholesalers
1,Large Wholesalers
0,Small Retailers
0,Small Retailers
0,Small Retailers
1,Large Wholesalers
1,Large Wholesalers
0,Small Retailers
0,Small Retailers
1,Large Wholesalers
0,Small Retailers
0,Small Retailers
0,Small Retailers
0,Small Retailers
0,Small Retailers
1,Large Wholesalers
0,Small Retailers
0,Small Retailers
0,Small Retailers
1,Large Wholesalers
0,Small Retailers
1,Large Wholesalers
0,Small Retailers
0,Small Retailers
0,Small Retailers
0,Small Retailers
0,Small Retailers
0,Small Retailers
0,Small Retailers
0,Small Retailers
0,Small Retailers
0,Small Retailers
0,Small Retailers
0,Small Retailers
0,Small Retailers
0,Small Retailers
1,Large Wholesalers
0,Small Retailers
0,Small Retailers
1,Large Wholesalers
0,Small Retailers
1,Large Wholesalers
0,Small Retailers
0,Small Retailers
0,Small Retailers
0,Small Retailers
0,Small Retailers
0,Small Retailers
0,Small Retailers
1,Large Wholesalers
0,Small Retailers
1,Large Wholesalers
1,Large Wholesalers
1,Large Wholesalers
1,Large Wholesalers
0,Small Retailers
0,Small Retailers
0,Small Retailers
1,Large Wholesalers
0,Small Retailers
0,Small Retailers
0,Small Retailers
0,Small Retailers
0,Small Retailers
0,Small Retailers
1,Large Wholesalers
0,Small Retailers
0,Small Retailers
0,Small Retailers
2,Specialty Shops
0,Small Retailers
0,Small Retailers
0,Small Retailers
0,Small Retailers
0,Small Retailers
1,Large Wholesalers
0,Small Retailers
0,Small Retailers
1,Large Wholesalers
0,Small Retailers
0,Small Retailers
0,Small Retailers
1,Large Wholesalers
0,Small Retailers
1,Large Wholesalers
0,Small Retailers
0,Small Retailers
0,Small Retailers
0,Small Retailers
0,Small Retailers
0,Small Retailers
0,Small Retailers
0,Small Retailers
0,Small Retailers
0,Small Retailers
0,Small Retailers
1,Large Wholesalers
1,Large Wholesalers
0,Small Retailers
0,Small Retailers
0,Small Retailers
1,Large Wholesalers
0,Small Retailers
1,Large Wholesalers
0,Small Retailers
0,Small Retailers
0,Small Retailers
0,Small Retailers
0,Small Retailers
0,Small Retailers
0,Small Retailers
0,Small Retailers
0,Small Retailers
0,Small Retailers
0,Small Retailers
0,Small Retailers
1,Large Wholesalers
0,Small Retailers
1,Large Wholesalers
0,Small Retailers
1,Large Wholesalers
0,Small Retailers
0,Small Retailers
1,Large Wholesalers
0,Small Retailers
0,Small Retailers
0,Small Retailers
0,Small Retailers
0,Small Retailers
1,Large Wholesalers
0,Small Retailers
0,Small Retailers
0,Small Retailers
0,Small Retailers
1,Large Wholesalers
0,Small Retailers
0,Small Retailers
1,Large Wholesalers
0,Small Retailers
0,Small Retailers
0,Small Retailers
0,Small Retailers
0,Small Retailers
0,Small Retailers
0,Small Retailers
0,Small Retailers
0,Small Retailers
0,Small Retailers
1,Large Wholesalers
0,Small Retailers
0,Small Retailers
0,Small Retailers
0,Small Retailers
0,Small Retailers
0,Small Retailers
1,Large Wholesalers
1,Large Wholesalers
0,Small Retailers
0,Small Retailers
1,Large Wholesalers
0,Small Retailers
1,Large Wholesalers
0,Small Retailers
1,Large Wholesalers
0,Small Retailers
0,Small Retailers
1,Large Wholesalers
0,Small Retailers
0,Small Retailers
1,Large Wholesalers
0,Small Retailers
0,Small Retailers
0,Small Retailers
0,Small Retailers
0,Small Retailers
1,Large Wholesalers
0,Small Retailers
0,Small Retailers
0,Small Retailers
0,Small Retailers
1,Large Wholesalers
1,Large Wholesalers
0,Small Retailers
0,Small Retailers
0,Small Retailers
0,Small Retailers
1,Large Wholesalers
0,Small Retailers
1,Large Wholesalers
0,Small Retailers
1,Large Wholesalers
1,Large Wholesalers
0,Small Retailers
0,Small Retailers
1,Large Wholesalers
0,Small Retailers
1,Large Wholesalers
0,Small Retailers
0,Small Retailers
0,Small Retailers
0,Small Retailers
1,Large Wholesalers
0,Small Retailers
1,Large Wholesalers
0,Small Retailers
0,Small Retailers
1,Large Wholesalers
0,Small Retailers
0,Small Retailers
1,Large Wholesalers
0,Small Retailers
1,Large Wholesalers
0,Small Retailers
0,Small Retailers
0,Small Retailers
0,Small Retailers
0,Small Retailers
0,Small Retailers
0,Small Retailers
0,Small Retailers
1,Large Wholesalers
0,Small Retailers
0,Small Retailers
0,Small Retailers
0,Small Retailers
0,Small Retailers
0,Small Retailers
0,Small Retailers
0,Small Retailers
0,Small Retailers
1,Large Wholesalers
0,Small Retailers
0,Small Retailers
0,Small Retailers
1,Large Wholesalers
0,Small Retailers
1,Large Wholesalers
0,Small Retailers
0,Small Retailers
1,Large Wholesalers
0,Small Retailers
0,Small Retailers
1,Large Wholesalers
1,Large Wholesalers
0,Small Retailers
0,Small Retailers
0,Small Retailers
0,Small Retailers
0,Small Retailers
0,Small Retailers
0,Small Retailers
0,Small Retailers
0,Small Retailers
0,Small Retailers
1,Large Wholesalers
0,Small Retailers
0,Small Retailers
1,Large Wholesalers
1,Large Wholesalers
0,Small Retailers
1,Large Wholesalers
0,Small Retailers
1,Large Wholesalers
0,Small Retailers
1,Large Wholesalers
0,Small Retailers
1,Large Wholesalers
0,Small Retailers
1,Large Wholesalers
0,Small Retailers
0,Small Retailers
0,Small Retailers
0,Small Retailers
0,Small Retailers
0,Small Retailers
0,Small Retailers
0,Small Retailers
0,Small Retailers
0,Small Retailers
0,Small Retailers
0,Small Retailers
0,Small Retailers
0,Small Retailers
1,Large Wholesalers
0,Small Retailers
0,Small Retailers
0,Small Retailers
1,Large Wholesalers
0,Small Retailers
1,Large Wholesalers
1,Large Wholesalers
0,Small Retailers
0,Small Retailers
0,Small Retailers
0,Small Retailers
1,Large Wholesalers
0,Small Retailers
1,Large Wholesalers
1,Large Wholesalers
1,Large Wholesalers
1,Large Wholesalers
1,Large Wholesalers
1,Large Wholesalers
0,Small Retailers
0,Small Retailers
1,Large Wholesalers
0,Small Retailers
1,Large Wholesalers
1,Large Wholesalers
1,Large Wholesalers
0,Small Retailers
0,Small Retailers
0,Small Retailers
0,Small Retailers
0,Small Retailers
0,Small Retailers
0,Small Retailers
0,Small Retailers
1,Large Wholesalers
0,Small Retailers
0,Small Retailers
0,Small Retailers
0,Small Retailers
0,Small Retailers
0,Small Retailers
0,Small Retailers
1,Large Wholesalers
1,Large Wholesalers
1,Large Wholesalers
0,Small Retailers
0,Small Retailers
1,Large Wholesalers
0,Small Retailers
0,Small Retailers
1,Large Wholesalers
1,Large Wholesalers
0,Small Retailers
0,Small Retailers
0,Small Retailers
0,Small Retailers
0,Small Retailers
0,Small Retailers
0,Small Retailers
0,Small Retailers
0,Small Retailers
1,Large Wholesalers
1,Large Wholesalers
0,Small Retailers
0,Small Retailers
0,Small Retailers
0,Small Retailers
0,Small Retailers
0,Small Retailers
0,Small Retailers
1,Large Wholesalers
0,Small Retailers
0,Small Retailers
0,Small Retailers
0,Small Retailers
0,Small Retailers
0,Small Retailers
1,Large Wholesalers
0,Small Retailers
0,Small Retailers
0,Small Retailers
1,Large Wholesalers
2,Specialty Shops
0,Small Retailers
0,Small Retailers
1,Large Wholesalers
0,Small Retailers
1,Large Wholesalers
0,Small Retailers
1,Large Wholesalers
0,Small Retailers
0,Small Retailers
0,Small Retailers
0,Small Retailers
1,Large Wholesalers
0,Small Retailers
0,Small Retailers
0,Small Retailers
1,Large Wholesalers
1,Large Wholesalers
1,Large Wholesalers
0,Small Retailers
0,Small Retailers
0,Small Retailers
0,Small Retailers
0,Small Retailers
0,Small Retailers
0,Small Retailers
1,Large Wholesalers
1,Large Wholesalers
0,Small Retailers
1,Large Wholesalers
1,Large Wholesalers
0,Small Retailers
1,Large Wholesalers
0,Small Retailers
0,Small Retailers
0,Small Retailers
0,Small Retailers
1,Large Wholesalers
1,Large Wholesalers
0,Small Retailers
0,Small Retailers
0,Small Retailers
0,Small Retailers
0,Small Retailers
1,Large Wholesalers
0,Small Retailers
0,Small Retailers
0,Small Retailers
0,Small Retailers
0,Small Retailers
1,Large Wholesalers
0,Small Retailers
1,Large Wholesalers
0,Small Retailers
1,Large Wholesalers
0,Small Retailers
1,Large Wholesalers
1,Large Wholesalers
1,Large Wholesalers
0,Small Retailers
0,Small Retailers
0,Small Retailers
1,Large Wholesalers
0,Small Retailers
1,Large Wholesalers
0,Small Retailers
0,Small Retailers
0,Small Retailers
1,Large Wholesalers
1,Large Wholesalers
0,Small Retailers
0,Small Retailers
1,Large Wholesalers
0,Small Retailers
0,Small Retailers
1,Large Wholesalers
0,Small Retailers
1,Large Wholesalers
0,Small Retailers
0,Small Retailers
0,Small Retailers
0,Small Retailers
1,Large Wholesalers
0,Small Retailers
1,Large Wholesalers
0,Small Retailers
0,Small Retailers
0,Small Retailers
0,Small Retailers
0,Small Retailers
0,Small Retailers
0,Small Retailers
0,Small Retailers
0,Small Retailers
1,Large Wholesalers
0,Small Retailers
0,Small Retailers
1,Large Wholesalers
0,Small Retailers
0,Small Retailers
1,Large Wholesalers
1,Large Wholesalers
1,Large Wholesalers
0,Small Retailers
0,Small Retailers
0,Small Retailers
0,Small Retailers
1,Large Wholesalers
1,Large Wholesalers
1,Large Wholesalers
0,Small Retailers
1,Large Wholesalers
0,Small Retailers
0,Small Retailers
1,Large Wholesalers
0,Small Retailers
0,Small Retailers
0,Small Retailers
0,Small Retailers
0,Small Retailers
0,Small Retailers
0,Small Retailers
0,Small Retailers
0,Small Retailers
0,Small Retailers
0,Small Retailers
0,Small Retailers
1,Large Wholesalers
0,Small Retailers
0,Small Retailers
0,Small Retailers
0,Small Retailers
0,Small Retailers
0,Small Retailers
0,Small Retailers
0,Small Retailers
0,Small Retailers
0,Small Retailers
0,Small Retailers
0,Small Retailers
1,Large Wholesalers
0,Small Retailers
0,Small Retailers
0,Small Retailers
1,Large Wholesalers
1,Large Wholesalers
1,Large Wholesalers
0,Small Retailers
1,Large Wholesalers
0,Small Retailers
0,Small Retailers
0,Small Retailers
1,Large Wholesalers
0,Small Retailers
0,Small Retailers
0,Small Retailers
0,Small Retailers
0,Small Retailers
0,Small Retailers
0,Small Retailers
0,Small Retailers
0,Small Retailers
1,Large Wholesalers
0,Small Retailers
0,Small Retailers
0,Small Retailers
0,Small Retailers
0,Small Retailers
1,Large Wholesalers
1,Large Wholesalers
0,Small Retailers
0,Small Retailers
0,Small Retailers
1,Large Wholesalers
0,Small Retailers
0,Small Retailers
0,Small Retailers
0,Small Retailers
0,Small Retailers
0,Small Retailers
1,Large Wholesalers
0,Small Retailers
1,Large Wholesalers
0,Small Retailers
0,Small Retailers
0,Small Retailers
0,Small Retailers
1,Large Wholesalers
0,Small Retailers
0,Small Retailers
0,Small Retailers
0,Small Retailers
0,Small Retailers
0,Small Retailers
0,Small Retailers
0,Small Retailers
0,Small Retailers
1,Large Wholesalers
0,Small Retailers
1,Large Wholesalers
1,Large Wholesalers
0,Small Retailers
0,Small Retailers
0,Small Retailers
0,Small Retailers
1,Large Wholesalers
0,Small Retailers
1,Large Wholesalers
1,Large Wholesalers
0,Small Retailers
0,Small Retailers
0,Small Retailers
0,Small Retailers
0,Small Retailers
0,Small Retailers
0,Small Retailers
0,Small Retailers
0,Small Retailers
0,Small Retailers
0,Small Retailers
0,Small Retailers
0,Small Retailers
1,Large Wholesalers
0,Small Retailers
1,Large Wholesalers
0,Small Retailers
0,Small Retailers
0,Small Retailers
0,Small Retailers
0,Small Retailers
0,Small Retailers
0,Small Retailers
0,Small Retailers
0,Small Retailers
1,Large Wholesalers
0,Small Retailers
0,Small Retailers
0,Small Retailers
0,Small Retailers
0,Small Retailers
0,Small Retailers
0,Small Retailers
0,Small Retailers
0,Small Retailers
1,Large Wholesalers
0,Small Retailers
0,Small Retailers
0,Small Retailers
1,Large Wholesalers
1,Large Wholesalers
0,Small Retailers
1,Large Wholesalers
1,Large Wholesalers
1,Large Wholesalers
0,Small Retailers
0,Small Retailers
0,Small Retailers
0,Small Retailers
1,Large Wholesalers
0,Small Retailers
0,Small Retailers
1,Large Wholesalers
0,Small Retailers
0,Small Retailers
1,Large Wholesalers
0,Small Retailers
0,Small Retailers
1,Large Wholesalers
0,Small Retailers
1,Large Wholesalers
0,Small Retailers
1,Large Wholesalers
0,Small Retailers
0,Small Retailers
0,Small Retailers
0,Small Retailers
0,Small Retailers
0,Small Retailers
0,Small Retailers
0,Small Retailers
0,Small Retailers
0,Small Retailers
0,Small Retailers
0,Small Retailers
0,Small Retailers
0,Small Retailers
1,Large Wholesalers
0,Small Retailers
0,Small Retailers
1,Large Wholesalers
0,Small Retailers
0,Small Retailers
1,Large Wholesalers
0,Small Retailers
1,Large Wholesalers
0,Small Retailers
1,Large Wholesalers
0,Small Retailers
0,Small Retailers
0,Small Retailers
1,Large Wholesalers
0,Small Retailers
1,Large Wholesalers
0,Small Retailers
0,Small Retailers
1,Large Wholesalers
0,Small Retailers
0,Small Retailers
0,Small Retailers
0,Small Retailers
1,Large Wholesalers
1,Large Wholesalers
0,Small Retailers
0,Small Retailers
0,Small Retailers
1,Large Wholesalers
0,Small Retailers
1,Large Wholesalers
1,Large Wholesalers
0,Small Retailers
0,Small Retailers
0,Small Retailers
0,Small Retailers
0,Small Retailers
0,Small Retailers
0,Small Retailers
0,Small Retailers
0,Small Retailers
0,Small Retailers
0,Small Retailers
1,Large Wholesalers
0,Small Retailers
0,Small Retailers
1,Large Wholesalers
0,Small Retailers
0,Small Retailers
0,Small Retailers
0,Small Retailers
0,Small Retailers
1,Large Wholesalers
0,Small Retailers
0,Small Retailers
0,Small Retailers
0,Small Retailers
0,Small Retailers
0,Small Retailers
0,Small Retailers
0,Small Retailers
1,Large Wholesalers
0,Small Retailers
1,Large Wholesalers
1,Large Wholesalers
0,Small Retailers
0,Small Retailers
0,Small Retailers
0,Small Retailers
0,Small Retailers
0,Small Retailers
1,Large Wholesalers
0,Small Retailers
0,Small Retailers
0,Small Retailers
1,Large Wholesalers
0,Small Retailers
0,Small Retailers
0,Small Retailers
0,Small Retailers
0,Small Retailers
1,Large Wholesalers
0,Small Retailers
0,Small Retailers
0,Small Retailers
0,Small Retailers
0,Small Retailers
1,Large Wholesalers
0,Small Retailers
0,Small Retailers
0,Small Retailers
0,Small Retailers
1,Large Wholesalers
0,Small Retailers
0,Small Retailers
0,Small Retailers
1,Large Wholesalers
0,Small Retailers
0,Small Retailers
1,Large Wholesalers
1,Large Wholesalers
0,Small Retailers
0,Small Retailers
0,Small Retailers
0,Small Retailers
0,Small Retailers
1,Large Wholesalers
0,Small Retailers
0,Small Retailers
0,Small Retailers
0,Small Retailers
0,Small Retailers
0,Small Retailers
0,Small Retailers
0,Small Retailers
1,Large Wholesalers
0,Small Retailers
0,Small Retailers
0,Small Retailers
0,Small Retailers
1,Large Wholesalers
0,Small Retailers
0,Small Retailers
0,Small Retailers
0,Small Retailers
0,Small Retailers
0,Small Retailers
0,Small Retailers
0,Small Retailers
0,Small Retailers
0,Small Retailers
0,Small Retailers
0,Small Retailers
0,Small Retailers
0,Small Retailers
1,Large Wholesalers
0,Small Retailers
0,Small Retailers
0,Small Retailers
0,Small Retailers
1,Large Wholesalers
1,Large Wholesalers
1,Large Wholesalers
0,Small Retailers
0,Small Retailers
0,Small Retailers
0,Small Retailers
1,Large Wholesalers
1,Large Wholesalers
1,Large Wholesalers
1,Large Wholesalers
1,Large Wholesalers
0,Small Retailers
1,Large Wholesalers
0,Small Retailers
0,Small Retailers
0,Small Retailers
0,Small Retailers
0,Small Retailers
0,Small Retailers
1,Large Wholesalers
0,Small Retailers
1,Large Wholesalers
0,Small Retailers
1,Large Wholesalers
1,Large Wholesalers
0,Small Retailers
1,Large Wholesalers
1,Large Wholesalers
1,Large Wholesalers
1,Large Wholesalers
1,Large Wholesalers
0,Small Retailers
0,Small Retailers
0,Small Retailers
1,Large Wholesalers
0,Small Retailers
0,Small Retailers
0,Small Retailers
1,Large Wholesalers
0,Small Retailers
1,Large Wholesalers
1,Large Wholesalers
0,Small Retailers
0,Small Retailers
0,Small Retailers
0,Small Retailers
0,Small Retailers
0,Small Retailers
0,Small Retailers
0,Small Retailers
0,Small Retailers
0,Small Retailers
0,Small Retailers
0,Small Retailers
0,Small Retailers
0,Small Retailers
1,Large Wholesalers
0,Small Retailers
1,Large Wholesalers
0,Small Retailers
0,Small Retailers
1,Large Wholesalers
0,Small Retailers
0,Small Retailers
0,Small Retailers
0,Small Retailers
0,Small Retailers
0,Small Retailers
0,Small Retailers
0,Small Retailers
0,Small Retailers
0,Small Retailers
0,Small Retailers
0,Small Retailers
0,Small Retailers
0,Small Retailers
0,Small Retailers
0,Small Retailers
0,Small Retailers
0,Small Retailers
0,Small Retailers
1,Large Wholesalers
0,Small Retailers
0,Small Retailers
0,Small Retailers
1,Large Wholesalers
0,Small Retailers
0,Small Retailers
0,Small Retailers
0,Small Retailers
0,Small Retailers
0,Small Retailers
0,Small Retailers
0,Small Retailers
0,Small Retailers
0,Small Retailers
1,Large Wholesalers
0,Small Retailers
0,Small Retailers
0,Small Retailers
0,Small Retailers
0,Small Retailers
3,Corporate Clients
1,Large Wholesalers
0,Small Retailers
0,Small Retailers
1,Large Wholesalers
0,Small Retailers
1,Large Wholesalers
0,Small Retailers
0,Small Retailers
0,Small Retailers
0,Small Retailers
0,Small Retailers
0,Small Retailers
0,Small Retailers
0,Small Retailers
1,Large Wholesalers
0,Small Retailers
0,Small Retailers
1,Large Wholesalers
1,Large Wholesalers
0,Small Retailers
0,Small Retailers
0,Small Retailers
1,Large Wholesalers
0,Small Retailers
1,Large Wholesalers
1,Large Wholesalers
0,Small Retailers
0,Small Retailers
0,Small Retailers
1,Large Wholesalers
1,Large Wholesalers
0,Small Retailers
1,Large Wholesalers
0,Small Retailers
0,Small Retailers
0,Small Retailers
0,Small Retailers
1,Large Wholesalers
0,Small Retailers
0,Small Retailers
1,Large Wholesalers
0,Small Retailers
0,Small Retailers
0,Small Retailers
1,Large Wholesalers
1,Large Wholesalers
0,Small Retailers
0,Small Retailers
0,Small Retailers
0,Small Retailers
0,Small Retailers
0,Small Retailers
1,Large Wholesalers
0,Small Retailers
0,Small Retailers
0,Small Retailers
1,Large Wholesalers
0,Small Retailers
1,Large Wholesalers
1,Large Wholesalers
1,Large Wholesalers
0,Small Retailers
1,Large Wholesalers
1,Large Wholesalers
0,Small Retailers
0,Small Retailers
0,Small Retailers
0,Small Retailers
0,Small Retailers
1,Large Wholesalers
1,Large Wholesalers
0,Small Retailers
0,Small Retailers
0,Small Retailers
0,Small Retailers
0,Small Retailers
0,Small Retailers
1,Large Wholesalers
0,Small Retailers
1,Large Wholesalers
0,Small Retailers
0,Small Retailers
0,Small Retailers
1,Large Wholesalers
0,Small Retailers
1,Large Wholesalers
0,Small Retailers
1,Large Wholesalers
0,Small Retailers
1,Large Wholesalers
0,Small Retailers
0,Small Retailers
1,Large Wholesalers
0,Small Retailers
0,Small Retailers
0,Small Retailers
1,Large Wholesalers
0,Small Retailers
0,Small Retailers
1,Large Wholesalers
1,Large Wholesalers
0,Small Retailers
0,Small Retailers
0,Small Retailers
0,Small Retailers
0,Small Retailers
0,Small Retailers
0,Small Retailers
0,Small Retailers
0,Small Retailers
0,Small Retailers
0,Small Retailers
0,Small Retailers
0,Small Retailers
0,Small Retailers
0,Small Retailers
0,Small Retailers
0,Small Retailers
0,Small Retailers
0,Small Retailers
0,Small Retailers
0,Small Retailers
0,Small Retailers
0,Small Retailers
0,Small Retailers
1,Large Wholesalers
0,Small Retailers
0,Small Retailers
0,Small Retailers
1,Large Wholesalers
0,Small Retailers
0,Small Retailers
0,Small Retailers
0,Small Retailers
0,Small Retailers
0,Small Retailers
0,Small Retailers
0,Small Retailers
0,Small Retailers
0,Small Retailers
0,Small Retailers
1,Large Wholesalers
0,Small Retailers
1,Large Wholesalers
1,Large Wholesalers
0,Small Retailers
0,Small Retailers
1,Large Wholesalers
0,Small Retailers
0,Small Retailers
1,Large Wholesalers
1,Large Wholesalers
0,Small Retailers
1,Large Wholesalers
0,Small Retailers
0,Small Retailers
0,Small Retailers
0,Small Retailers
0,Small Retailers
0,Small Retailers
0,Small Retailers
0,Small Retailers
0,Small Retailers
1,Large Wholesalers
0,Small Retailers
1,Large Wholesalers
0,Small Retailers
0,Small Retailers
1,Large Wholesalers
1,Large Wholesalers
0,Small Retailers
0,Small Retailers
1,Large Wholesalers
1,Large Wholesalers
0,Small Retailers
0,Small Retailers
0,Small Retailers
1,Large Wholesalers
0,Small Retailers
0,Small Retailers
0,Small Retailers
1,Large Wholesalers
0,Small Retailers
0,Small Retailers
1,Large Wholesalers
1,Large Wholesalers
1,Large Wholesalers
0,Small Retailers
0,Small Retailers
0,Small Retailers
1,Large Wholesalers
0,Small Retailers
0,Small Retailers
1,Large Wholesalers
0,Small Retailers
0,Small Retailers
0,Small Retailers
1,Large Wholesalers
0,Small Retailers
0,Small Retailers
0,Small Retailers
0,Small Retailers
1,Large Wholesalers
0,Small Retailers
0,Small Retailers
0,Small Retailers
0,Small Retailers
1,Large Wholesalers
0,Small Retailers
0,Small Retailers
0,Small Retailers
1,Large Wholesalers
1,Large Wholesalers
0,Small Retailers
0,Small Retailers
1,Large Wholesalers
0,Small Retailers
0,Small Retailers
0,Small Retailers
0,Small Retailers
0,Small Retailers
0,Small Retailers
0,Small Retailers
0,Small Retailers
1,Large Wholesalers
1,Large Wholesalers
0,Small Retailers
0,Small Retailers
0,Small Retailers
0,Small Retailers
1,Large Wholesalers
0,Small Retailers
0,Small Retailers
0,Small Retailers
1,Large Wholesalers
0,Small Retailers
1,Large Wholesalers
0,Small Retailers
0,Small Retailers
0,Small Retailers
1,Large Wholesalers
0,Small Retailers
0,Small Retailers
0,Small Retailers
0,Small Retailers
0,Small Retailers
0,Small Retailers
0,Small Retailers
0,Small Retailers
0,Small Retailers
0,Small Retailers
0,Small Retailers
0,Small Retailers
0,Small Retailers
0,Small Retailers
0,Small Retailers
0,Small Retailers
0,Small Retailers
1,Large Wholesalers
1,Large Wholesalers
0,Small Retailers
0,Small Retailers
0,Small Retailers
0,Small Retailers
0,Small Retailers
0,Small Retailers
1,Large Wholesalers
0,Small Retailers
1,Large Wholesalers
0,Small Retailers
0,Small Retailers
0,Small Retailers
0,Small Retailers
0,Small Retailers
0,Small Retailers
0,Small Retailers
1,Large Wholesalers
1,Large Wholesalers
0,Small Retailers
1,Large Wholesalers
0,Small Retailers
0,Small Retailers
0,Small Retailers
0,Small Retailers
0,Small Retailers
0,Small Retailers
0,Small Retailers
0,Small Retailers
0,Small Retailers
0,Small Retailers
0,Small Retailers
0,Small Retailers
0,Small Retailers
1,Large Wholesalers
1,Large Wholesalers
0,Small Retailers
1,Large Wholesalers
0,Small Retailers
0,Small Retailers
0,Small Retailers
1,Large Wholesalers
0,Small Retailers
0,Small Retailers
0,Small Retailers
0,Small Retailers
0,Small Retailers
0,Small Retailers
0,Small Retailers
0,Small Retailers
0,Small Retailers
0,Small Retailers
0,Small Retailers
1,Large Wholesalers
1,Large Wholesalers
1,Large Wholesalers
0,Small Retailers
0,Small Retailers
0,Small Retailers
0,Small Retailers
1,Large Wholesalers
0,Small Retailers
0,Small Retailers
1,Large Wholesalers
0,Small Retailers
0,Small Retailers
0,Small Retailers
0,Small Retailers
0,Small Retailers
0,Small Retailers
0,Small Retailers
1,Large Wholesalers
1,Large Wholesalers
0,Small Retailers
0,Small Retailers
0,Small Retailers
0,Small Retailers
0,Small Retailers
0,Small Retailers
0,Small Retailers
1,Large Wholesalers
1,Large Wholesalers
0,Small Retailers
0,Small Retailers
0,Small Retailers
0,Small Retailers
1,Large Wholesalers
0,Small Retailers
0,Small Retailers
0,Small Retailers
1,Large Wholesalers
1,Large Wholesalers
0,Small Retailers
0,Small Retailers
0,Small Retailers
0,Small Retailers
0,Small Retailers
1,Large Wholesalers
1,Large Wholesalers
0,Small Retailers
0,Small Retailers
0,Small Retailers
0,Small Retailers
1,Large Wholesalers
0,Small Retailers
0,Small Retailers
1,Large Wholesalers
0,Small Retailers
0,Small Retailers
1,Large Wholesalers
0,Small Retailers
0,Small Retailers
1,Large Wholesalers
0,Small Retailers
0,Small Retailers
0,Small Retailers
0,Small Retailers
0,Small Retailers
0,Small Retailers
0,Small Retailers
1,Large Wholesalers
1,Large Wholesalers
0,Small Retailers
0,Small Retailers
0,Small Retailers
1,Large Wholesalers
1,Large Wholesalers
0,Small Retailers
0,Small Retailers
0,Small Retailers
0,Small Retailers
0,Small Retailers
0,Small Retailers
0,Small Retailers
0,Small Retailers
1,Large Wholesalers
0,Small Retailers
1,Large Wholesalers
0,Small Retailers
0,Small Retailers
0,Small Retailers
0,Small Retailers
0,Small Retailers
0,Small Retailers
1,Large Wholesalers
1,Large Wholesalers
0,Small Retailers
1,Large Wholesalers
0,Small Retailers
1,Large Wholesalers
1,Large Wholesalers
0,Small Retailers
0,Small Retailers
0,Small Retailers
0,Small Retailers
0,Small Retailers
0,Small Retailers
0,Small Retailers
0,Small Retailers
1,Large Wholesalers
0,Small Retailers
0,Small Retailers
0,Small Retailers
0,Small Retailers
0,Small Retailers
0,Small Retailers
1,Large Wholesalers
1,Large Wholesalers
0,Small Retailers
0,Small Retailers
1,Large Wholesalers
0,Small Retailers
1,Large Wholesalers
0,Small Retailers
1,Large Wholesalers
0,Small Retailers
0,Small Retailers
1,Large Wholesalers
0,Small Retailers
1,Large Wholesalers
0,Small Retailers
0,Small Retailers
0,Small Retailers
0,Small Retailers
0,Small Retailers
1,Large Wholesalers
0,Small Retailers
0,Small Retailers
0,Small Retailers
0,Small Retailers
0,Small Retailers
1,Large Wholesalers
1,Large Wholesalers
1,Large Wholesalers
0,Small Retailers
0,Small Retailers
0,Small Retailers
0,Small Retailers
1,Large Wholesalers
0,Small Retailers
0,Small Retailers
0,Small Retailers
1,Large Wholesalers
1,Large Wholesalers
0,Small Retailers
1,Large Wholesalers
0,Small Retailers
0,Small Retailers
0,Small Retailers
0,Small Retailers
0,Small Retailers
0,Small Retailers
0,Small Retailers
0,Small Retailers
0,Small Retailers
0,Small Retailers
1,Large Wholesalers
0,Small Retailers
0,Small Retailers
0,Small Retailers
2,Specialty Shops
0,Small Retailers
0,Small Retailers
0,Small Retailers
0,Small Retailers
0,Small Retailers
1,Large Wholesalers
0,Small Retailers
0,Small Retailers
1,Large Wholesalers
1,Large Wholesalers
0,Small Retailers
0,Small Retailers
0,Small Retailers
0,Small Retailers
0,Small Retailers
0,Small Retailers
0,Small Retailers
0,Small Retailers
0,Small Retailers
0,Small Retailers
1,Large Wholesalers
0,Small Retailers
1,Large Wholesalers
0,Small Retailers
1,Large Wholesalers
0,Small Retailers
0,Small Retailers
1,Large Wholesalers
0,Small Retailers
0,Small Retailers
1,Large Wholesalers
0,Small Retailers
1,Large Wholesalers
0,Small Retailers
0,Small Retailers
0,Small Retailers
0,Small Retailers
0,Small Retailers
0,Small Retailers
0,Small Retailers
1,Large Wholesalers
1,Large Wholesalers
0,Small Retailers
0,Small Retailers
0,Small Retailers
0,Small Retailers
0,Small Retailers
0,Small Retailers
0,Small Retailers
0,Small Retailers
0,Small Retailers
1,Large Wholesalers
0,Small Retailers
1,Large Wholesalers
0,Small Retailers
1,Large Wholesalers
1,Large Wholesalers
0,Small Retailers
0,Small Retailers
0,Small Retailers
0,Small Retailers
1,Large Wholesalers
0,Small Retailers
1,Large Wholesalers
1,Large Wholesalers
0,Small Retailers
0,Small Retailers
1,Large Wholesalers
0,Small Retailers
0,Small Retailers
0,Small Retailers
0,Small Retailers
0,Small Retailers
0,Small Retailers
0,Small Retailers
0,Small Retailers
0,Small Retailers
0,Small Retailers
1,Large Wholesalers
0,Small Retailers
0,Small Retailers
0,Small Retailers
0,Small Retailers
0,Small Retailers
0,Small Retailers
1,Large Wholesalers
0,Small Retailers
0,Small Retailers
1,Large Wholesalers
0,Small Retailers
0,Small Retailers
1,Large Wholesalers
0,Small Retailers
0,Small Retailers
1,Large Wholesalers
0,Small Retailers
0,Small Retailers
0,Small Retailers
0,Small Retailers
1,Large Wholesalers
0,Small Retailers
1,Large Wholesalers
0,Small Retailers
0,Small Retailers
0,Small Retailers
0,Small Retailers
0,Small Retailers
0,Small Retailers
1,Large Wholesalers
0,Small Retailers
0,Small Retailers
0,Small Retailers
0,Small Retailers
1,Large Wholesalers
0,Small Retailers
1,Large Wholesalers
0,Small Retailers
1,Large Wholesalers
0,Small Retailers
0,Small Retailers
0,Small Retailers
1,Large Wholesalers
0,Small Retailers
0,Small Retailers
0,Small Retailers
0,Small Retailers
0,Small Retailers
0,Small Retailers
0,Small Retailers
1,Large Wholesalers
1,Large Wholesalers
0,Small Retailers
0,Small Retailers
0,Small Retailers
0,Small Retailers
1,Large Wholesalers
0,Small Retailers
0,Small Retailers
0,Small Retailers
1,Large Wholesalers
0,Small Retailers
0,Small Retailers
0,Small Retailers
0,Small Retailers
0,Small Retailers
0,Small Retailers
0,Small Retailers
0,Small Retailers
0,Small Retailers
0,Small Retailers
1,Large Wholesalers
0,Small Retailers
0,Small Retailers
0,Small Retailers
1,Large Wholesalers
0,Small Retailers
0,Small Retailers
1,Large Wholesalers
0,Small Retailers
1,Large Wholesalers
0,Small Retailers
0,Small Retailers
0,Small Retailers
0,Small Retailers
0,Small Retailers
0,Small Retailers
0,Small Retailers
0,Small Retailers
0,Small Retailers
0,Small Retailers
0,Small Retailers
0,Small Retailers
1,Large Wholesalers
0,Small Retailers
0,Small Retailers
0,Small Retailers
1,Large Wholesalers
0,Small Retailers
0,Small Retailers
0,Small Retailers
0,Small Retailers
0,Small Retailers
1,Large Wholesalers
0,Small Retailers
0,Small Retailers
0,Small Retailers
0,Small Retailers
0,Small Retailers
0,Small Retailers
0,Small Retailers
0,Small Retailers
0,Small Retailers
0,Small Retailers
0,Small Retailers
0,Small Retailers
1,Large Wholesalers
0,Small Retailers
1,Large Wholesalers
0,Small Retailers
0,Small Retailers
0,Small Retailers
0,Small Retailers
0,Small Retailers
0,Small Retailers
0,Small Retailers
1,Large Wholesalers
0,Small Retailers
1,Large Wholesalers
0,Small Retailers
0,Small Retailers
0,Small Retailers
1,Large Wholesalers
1,Large Wholesalers
0,Small Retailers
1,Large Wholesalers
0,Small Retailers
0,Small Retailers
0,Small Retailers
1,Large Wholesalers
0,Small Retailers
0,Small Retailers
1,Large Wholesalers
0,Small Retailers
0,Small Retailers
0,Small Retailers
0,Small Retailers
0,Small Retailers
0,Small Retailers
0,Small Retailers
0,Small Retailers
1,Large Wholesalers
0,Small Retailers
1,Large Wholesalers
0,Small Retailers
1,Large Wholesalers
1,Large Wholesalers
0,Small Retailers
0,Small Retailers
0,Small Retailers
0,Small Retailers
0,Small Retailers
0,Small Retailers
0,Small Retailers
0,Small Retailers
0,Small Retailers
0,Small Retailers
0,Small Retailers
0,Small Retailers
0,Small Retailers
0,Small Retailers
0,Small Retailers
0,Small Retailers
1,Large Wholesalers
0,Small Retailers
0,Small Retailers
0,Small Retailers
0,Small Retailers
0,Small Retailers
0,Small Retailers
1,Large Wholesalers
0,Small Retailers
0,Small Retailers
0,Small Retailers
0,Small Retailers
0,Small Retailers
0,Small Retailers
0,Small Retailers
0,Small Retailers
1,Large Wholesalers
0,Small Retailers
0,Small Retailers
0,Small Retailers
0,Small Retailers
1,Large Wholesalers
0,Small Retailers
0,Small Retailers
0,Small Retailers
0,Small Retailers
0,Small Retailers
1,Large Wholesalers
0,Small Retailers
1,Large Wholesalers
0,Small Retailers
0,Small Retailers
1,Large Wholesalers
0,Small Retailers
0,Small Retailers
0,Small Retailers
0,Small Retailers
0,Small Retailers
0,Small Retailers
0,Small Retailers
0,Small Retailers
0,Small Retailers
0,Small Retailers
0,Small Retailers
0,Small Retailers
0,Small Retailers
0,Small Retailers
0,Small Retailers
0,Small Retailers
0,Small Retailers
0,Small Retailers
0,Small Retailers
0,Small Retailers
1,Large Wholesalers
0,Small Retailers
0,Small Retailers
0,Small Retailers
0,Small Retailers
0,Small Retailers
1,Large Wholesalers
1,Large Wholesalers
0,Small Retailers
0,Small Retailers
1,Large Wholesalers
0,Small Retailers
0,Small Retailers
0,Small Retailers
1,Large Wholesalers
1,Large Wholesalers
0,Small Retailers
1,Large Wholesalers
0,Small Retailers
1,Large Wholesalers
1,Large Wholesalers
0,Small Retailers
0,Small Retailers
1,Large Wholesalers
0,Small Retailers
0,Small Retailers
0,Small Retailers
0,Small Retailers
1,Large Wholesalers
0,Small Retailers
1,Large Wholesalers
1,Large Wholesalers
0,Small Retailers
0,Small Retailers
0,Small Retailers
0,Small Retailers
1,Large Wholesalers
0,Small Retailers
0,Small Retailers
0,Small Retailers
0,Small Retailers
0,Small Retailers
0,Small Retailers
0,Small Retailers
0,Small Retailers
0,Small Retailers
0,Small Retailers
1,Large Wholesalers
0,Small Retailers
0,Small Retailers
1,Large Wholesalers
0,Small Retailers
0,Small Retailers
1,Large Wholesalers
0,Small Retailers
1,Large Wholesalers
1,Large Wholesalers
0,Small Retailers
0,Small Retailers
0,Small Retailers
0,Small Retailers
1,Large Wholesalers
0,Small Retailers
0,Small Retailers
0,Small Retailers
0,Small Retailers
0,Small Retailers
1,Large Wholesalers
0,Small Retailers
0,Small Retailers
0,Small Retailers
0,Small Retailers
1,Large Wholesalers
0,Small Retailers
0,Small Retailers
0,Small Retailers
1,Large Wholesalers
0,Small Retailers
0,Small Retailers
1,Large Wholesalers
0,Small Retailers
0,Small Retailers
0,Small Retailers
0,Small Retailers
0,Small Retailers
1,Large Wholesalers
1,Large Wholesalers
0,Small Retailers
0,Small Retailers
0,Small Retailers
1,Large Wholesalers
0,Small Retailers
0,Small Retailers
0,Small Retailers
1,Large Wholesalers
0,Small Retailers
0,Small Retailers
0,Small Retailers
0,Small Retailers
1,Large Wholesalers
0,Small Retailers
0,Small Retailers
0,Small Retailers
1,Large Wholesalers
0,Small Retailers
0,Small Retailers
0,Small Retailers
1,Large Wholesalers
0,Small Retailers
0,Small Retailers
0,Small Retailers
0,Small Retailers
0,Small Retailers
1,Large Wholesalers
0,Small Retailers
1,Large Wholesalers
0,Small Retailers
0,Small Retailers
0,Small Retailers
0,Small Retailers
0,Small Retailers
0,Small Retailers
1,Large Wholesalers
1,Large Wholesalers
0,Small Retailers
0,Small Retailers
0,Small Retailers
0,Small Retailers
0,Small Retailers
0,Small Retailers
0,Small Retailers
0,Small Retailers
1,Large Wholesalers
0,Small Retailers
0,Small Retailers
0,Small Retailers
0,Small Retailers
0,Small Retailers
0,Small Retailers
0,Small Retailers
1,Large Wholesalers
0,Small Retailers
1,Large Wholesalers
0,Small Retailers
0,Small Retailers
0,Small Retailers
0,Small Retailers
0,Small Retailers
0,Small Retailers
0,Small Retailers
0,Small Retailers
0,Small Retailers
0,Small Retailers
0,Small Retailers
1,Large Wholesalers
0,Small Retailers
0,Small Retailers
0,Small Retailers
0,Small Retailers
1,Large Wholesalers
0,Small Retailers
0,Small Retailers
0,Small Retailers
0,Small Retailers
1,Large Wholesalers
1,Large Wholesalers
0,Small Retailers
0,Small Retailers
0,Small Retailers
0,Small Retailers
0,Small Retailers
1,Large Wholesalers
0,Small Retailers
0,Small Retailers
0,Small Retailers
0,Small Retailers
1,Large Wholesalers
0,Small Retailers
1,Large Wholesalers
0,Small Retailers
0,Small Retailers
0,Small Retailers
1,Large Wholesalers
0,Small Retailers
0,Small Retailers
1,Large Wholesalers
0,Small Retailers
0,Small Retailers
0,Small Retailers
0,Small Retailers
0,Small Retailers
1,Large Wholesalers
1,Large Wholesalers
0,Small Retailers
0,Small Retailers
0,Small Retailers
0,Small Retailers
0,Small Retailers
0,Small Retailers
0,Small Retailers
0,Small Retailers
0,Small Retailers
0,Small Retailers
0,Small Retailers
0,Small Retailers
1,Large Wholesalers
1,Large Wholesalers
1,Large Wholesalers
0,Small Retailers
0,Small Retailers
0,Small Retailers
0,Small Retailers
0,Small Retailers
0,Small Retailers
0,Small Retailers
0,Small Retailers
1,Large Wholesalers
1,Large Wholesalers
1,Large Wholesalers
0,Small Retailers
0,Small Retailers
0,Small Retailers
0,Small Retailers
0,Small Retailers
0,Small Retailers
0,Small Retailers
0,Small Retailers
0,Small Retailers
0,Small Retailers
0,Small Retailers
0,Small Retailers
0,Small Retailers
0,Small Retailers
0,Small Retailers
0,Small Retailers
0,Small Retailers
1,Large Wholesalers
0,Small Retailers
0,Small Retailers
0,Small Retailers
0,Small Retailers
1,Large Wholesalers
1,Large Wholesalers
0,Small Retailers
1,Large Wholesalers
0,Small Retailers
1,Large Wholesalers
0,Small Retailers
1,Large Wholesalers
0,Small Retailers
2,Specialty Shops
0,Small Retailers
0,Small Retailers
1,Large Wholesalers
1,Large Wholesalers
1,Large Wholesalers
0,Small Retailers
0,Small Retailers
0,Small Retailers
0,Small Retailers
0,Small Retailers
0,Small Retailers
0,Small Retailers
1,Large Wholesalers
0,Small Retailers
0,Small Retailers
0,Small Retailers
0,Small Retailers
1,Large Wholesalers
0,Small Retailers
0,Small Retailers
0,Small Retailers
0,Small Retailers
1,Large Wholesalers
0,Small Retailers
0,Small Retailers
0,Small Retailers
1,Large Wholesalers
0,Small Retailers
1,Large Wholesalers
0,Small Retailers
1,Large Wholesalers
0,Small Retailers
1,Large Wholesalers
0,Small Retailers
0,Small Retailers
1,Large Wholesalers
1,Large Wholesalers
0,Small Retailers
1,Large Wholesalers
1,Large Wholesalers
0,Small Retailers
0,Small Retailers
2,Specialty Shops
0,Small Retailers
0,Small Retailers
0,Small Retailers
0,Small Retailers
0,Small Retailers
1,Large Wholesalers
0,Small Retailers
0,Small Retailers
0,Small Retailers
0,Small Retailers
0,Small Retailers
1,Large Wholesalers
1,Large Wholesalers
0,Small Retailers
0,Small Retailers
0,Small Retailers
0,Small Retailers
0,Small Retailers
0,Small Retailers
1,Large Wholesalers
1,Large Wholesalers
0,Small Retailers
0,Small Retailers
0,Small Retailers
1,Large Wholesalers
0,Small Retailers
1,Large Wholesalers
1,Large Wholesalers
0,Small Retailers
1,Large Wholesalers
1,Large Wholesalers
0,Small Retailers
0,Small Retailers
0,Small Retailers
0,Small Retailers
1,Large Wholesalers
0,Small Retailers
0,Small Retailers
0,Small Retailers
0,Small Retailers
0,Small Retailers
0,Small Retailers
0,Small Retailers
1,Large Wholesalers
0,Small Retailers
0,Small Retailers
0,Small Retailers
1,Large Wholesalers
0,Small Retailers
1,Large Wholesalers
0,Small Retailers
1,Large Wholesalers
0,Small Retailers
1,Large Wholesalers
0,Small Retailers
0,Small Retailers
0,Small Retailers
0,Small Retailers
0,Small Retailers
0,Small Retailers
0,Small Retailers
0,Small Retailers
0,Small Retailers
0,Small Retailers
1,Large Wholesalers
0,Small Retailers
1,Large Wholesalers
0,Small Retailers
0,Small Retailers
1,Large Wholesalers
0,Small Retailers
0,Small Retailers
0,Small Retailers
0,Small Retailers
0,Small Retailers
0,Small Retailers
0,Small Retailers
1,Large Wholesalers
0,Small Retailers
1,Large Wholesalers
0,Small Retailers
0,Small Retailers
0,Small Retailers
0,Small Retailers
0,Small Retailers
0,Small Retailers
0,Small Retailers
1,Large Wholesalers
0,Small Retailers
0,Small Retailers
0,Small Retailers
0,Small Retailers
0,Small Retailers
1,Large Wholesalers
0,Small Retailers
0,Small Retailers
1,Large Wholesalers
0,Small Retailers
1,Large Wholesalers
0,Small Retailers
0,Small Retailers
0,Small Retailers
0,Small Retailers
0,Small Retailers
0,Small Retailers
0,Small Retailers
1,Large Wholesalers
0,Small Retailers
0,Small Retailers
0,Small Retailers
0,Small Retailers
1,Large Wholesalers
0,Small Retailers
0,Small Retailers
0,Small Retailers
0,Small Retailers
0,Small Retailers
0,Small Retailers
1,Large Wholesalers
0,Small Retailers
0,Small Retailers
0,Small Retailers
0,Small Retailers
0,Small Retailers
0,Small Retailers
0,Small Retailers
1,Large Wholesalers
0,Small Retailers
0,Small Retailers
0,Small Retailers
0,Small Retailers
0,Small Retailers
0,Small Retailers
0,Small Retailers
1,Large Wholesalers
0,Small Retailers
0,Small Retailers
1,Large Wholesalers
0,Small Retailers
0,Small Retailers
1,Large Wholesalers
1,Large Wholesalers
0,Small Retailers
1,Large Wholesalers
0,Small Retailers
0,Small Retailers
1,Large Wholesalers
0,Small Retailers
0,Small Retailers
1,Large Wholesalers
1,Large Wholesalers
1,Large Wholesalers
0,Small Retailers
0,Small Retailers
1,Large Wholesalers
1,Large Wholesalers
0,Small Retailers
1,Large Wholesalers
0,Small Retailers
0,Small Retailers
0,Small Retailers
0,Small Retailers
0,Small Retailers
0,Small Retailers
0,Small Retailers
0,Small Retailers
0,Small Retailers
0,Small Retailers
1,Large Wholesalers
0,Small Retailers
0,Small Retailers
0,Small Retailers
0,Small Retailers
0,Small Retailers
0,Small Retailers
0,Small Retailers
0,Small Retailers
0,Small Retailers
1,Large Wholesalers
0,Small Retailers
1,Large Wholesalers
0,Small Retailers
1,Large Wholesalers
0,Small Retailers
0,Small Retailers
0,Small Retailers
0,Small Retailers
0,Small Retailers
0,Small Retailers
1,Large Wholesalers
0,Small Retailers
1,Large Wholesalers
0,Small Retailers
0,Small Retailers
0,Small Retailers
1,Large Wholesalers
0,Small Retailers
0,Small Retailers
0,Small Retailers
1,Large Wholesalers
0,Small Retailers
0,Small Retailers
1,Large Wholesalers
0,Small Retailers
0,Small Retailers
0,Small Retailers
1,Large Wholesalers
0,Small Retailers
1,Large Wholesalers
0,Small Retailers
0,Small Retailers
0,Small Retailers
1,Large Wholesalers
0,Small Retailers
0,Small Retailers
0,Small Retailers
0,Small Retailers
0,Small Retailers
0,Small Retailers
0,Small Retailers
0,Small Retailers
0,Small Retailers
0,Small Retailers
0,Small Retailers
0,Small Retailers
0,Small Retailers
0,Small Retailers
1,Large Wholesalers
0,Small Retailers
0,Small Retailers
0,Small Retailers
1,Large Wholesalers
0,Small Retailers
0,Small Retailers
0,Small Retailers
0,Small Retailers
0,Small Retailers
0,Small Retailers
0,Small Retailers
0,Small Retailers
2,Specialty Shops
1,Large Wholesalers
0,Small Retailers
0,Small Retailers
0,Small Retailers
1,Large Wholesalers
1,Large Wholesalers
0,Small Retailers
1,Large Wholesalers
1,Large Wholesalers
0,Small Retailers
0,Small Retailers
0,Small Retailers
1,Large Wholesalers
1,Large Wholesalers
0,Small Retailers
1,Large Wholesalers
0,Small Retailers
0,Small Retailers
0,Small Retailers
1,Large Wholesalers
0,Small Retailers
0,Small Retailers
0,Small Retailers
1,Large Wholesalers
0,Small Retailers
1,Large Wholesalers
1,Large Wholesalers
0,Small Retailers
1,Large Wholesalers
1,Large Wholesalers
1,Large Wholesalers
0,Small Retailers
0,Small Retailers
0,Small Retailers
0,Small Retailers
0,Small Retailers
0,Small Retailers
1,Large Wholesalers
1,Large Wholesalers
1,Large Wholesalers
0,Small Retailers
1,Large Wholesalers
0,Small Retailers
0,Small Retailers
0,Small Retailers
1,Large Wholesalers
0,Small Retailers
1,Large Wholesalers
1,Large Wholesalers
0,Small Retailers
0,Small Retailers
0,Small Retailers
1,Large Wholesalers
1,Large Wholesalers
0,Small Retailers
1,Large Wholesalers
0,Small Retailers
0,Small Retailers
0,Small Retailers
0,Small Retailers
0,Small Retailers
0,Small Retailers
1,Large Wholesalers
0,Small Retailers
1,Large Wholesalers
0,Small Retailers
0,Small Retailers
0,Small Retailers
0,Small Retailers
0,Small Retailers
0,Small Retailers
0,Small Retailers
0,Small Retailers
0,Small Retailers
0,Small Retailers
1,Large Wholesalers
3,Corporate Clients
0,Small Retailers
0,Small Retailers
1,Large Wholesalers
0,Small Retailers
1,Large Wholesalers
0,Small Retailers
0,Small Retailers
0,Small Retailers
0,Small Retailers
1,Large Wholesalers
1,Large Wholesalers
0,Small Retailers
0,Small Retailers
1,Large Wholesalers
0,Small Retailers
1,Large Wholesalers
0,Small Retailers
0,Small Retailers
0,Small Retailers
1,Large Wholesalers
1,Large Wholesalers
1,Large Wholesalers
1,Large Wholesalers
1,Large Wholesalers
0,Small Retailers
0,Small Retailers
0,Small Retailers
1,Large Wholesalers
0,Small Retailers
1,Large Wholesalers
0,Small Retailers
1,Large Wholesalers
1,Large Wholesalers
0,Small Retailers
0,Small Retailers
1,Large Wholesalers
0,Small Retailers
1,Large Wholesalers
1,Large Wholesalers
0,Small Retailers
1,Large Wholesalers
0,Small Retailers
0,Small Retailers
0,Small Retailers
1,Large Wholesalers
0,Small Retailers
0,Small Retailers
0,Small Retailers
1,Large Wholesalers
1,Large Wholesalers
1,Large Wholesalers
1,Large Wholesalers
0,Small Retailers
0,Small Retailers
0,Small Retailers
0,Small Retailers
0,Small Retailers
0,Small Retailers
0,Small Retailers
1,Large Wholesalers
0,Small Retailers
0,Small Retailers
1,Large Wholesalers
0,Small Retailers
0,Small Retailers
0,Small Retailers
0,Small Retailers
1,Large Wholesalers
0,Small Retailers
0,Small Retailers
0,Small Retailers
0,Small Retailers
0,Small Retailers
0,Small Retailers
1,Large Wholesalers
1,Large Wholesalers
0,Small Retailers
0,Small Retailers
1,Large Wholesalers
0,Small Retailers
0,Small Retailers
0,Small Retailers
1,Large Wholesalers
0,Small Retailers
0,Small Retailers
0,Small Retailers
0,Small Retailers
1,Large Wholesalers
0,Small Retailers
1,Large Wholesalers
1,Large Wholesalers
0,Small Retailers
1,Large Wholesalers
0,Small Retailers
0,Small Retailers
1,Large Wholesalers
0,Small Retailers
0,Small Retailers
0,Small Retailers
0,Small Retailers
0,Small Retailers
1,Large Wholesalers
1,Large Wholesalers
0,Small Retailers
0,Small Retailers
0,Small Retailers
0,Small Retailers
0,Small Retailers
1,Large Wholesalers
0,Small Retailers
0,Small Retailers
0,Small Retailers
0,Small Retailers
2,Specialty Shops
0,Small Retailers
0,Small Retailers
1,Large Wholesalers
1,Large Wholesalers
0,Small Retailers
0,Small Retailers
0,Small Retailers
1,Large Wholesalers
1,Large Wholesalers
0,Small Retailers
0,Small Retailers
0,Small Retailers
1,Large Wholesalers
1,Large Wholesalers
1,Large Wholesalers
0,Small Retailers
0,Small Retailers
0,Small Retailers
0,Small Retailers
0,Small Retailers
1,Large Wholesalers
0,Small Retailers
1,Large Wholesalers
0,Small Retailers
0,Small Retailers
1,Large Wholesalers
0,Small Retailers
1,Large Wholesalers
1,Large Wholesalers
0,Small Retailers
0,Small Retailers
0,Small Retailers
1,Large Wholesalers
0,Small Retailers
0,Small Retailers
0,Small Retailers
0,Small Retailers
0,Small Retailers
0,Small Retailers
0,Small Retailers
0,Small Retailers
1,Large Wholesalers
0,Small Retailers
0,Small Retailers
0,Small Retailers
1,Large Wholesalers
0,Small Retailers
1,Large Wholesalers
0,Small Retailers
0,Small Retailers
0,Small Retailers
0,Small Retailers
0,Small Retailers
0,Small Retailers
1,Large Wholesalers
0,Small Retailers
0,Small Retailers
0,Small Retailers
0,Small Retailers
0,Small Retailers
1,Large Wholesalers
0,Small Retailers
1,Large Wholesalers
0,Small Retailers
0,Small Retailers
1,Large Wholesalers
1,Large Wholesalers
0,Small Retailers
1,Large Wholesalers
0,Small Retailers
0,Small Retailers
0,Small Retailers
0,Small Retailers
1,Large Wholesalers
1,Large Wholesalers
0,Small Retailers
0,Small Retailers
0,Small Retailers
0,Small Retailers
0,Small Retailers
1,Large Wholesalers
1,Large Wholesalers
0,Small Retailers
0,Small Retailers
0,Small Retailers
1,Large Wholesalers
0,Small Retailers
1,Large Wholesalers
0,Small Retailers
0,Small Retailers
0,Small Retailers
1,Large Wholesalers
0,Small Retailers
0,Small Retailers
1,Large Wholesalers
0,Small Retailers
0,Small Retailers
0,Small Retailers
1,Large Wholesalers
0,Small Retailers
1,Large Wholesalers
0,Small Retailers
0,Small Retailers
0,Small Retailers
1,Large Wholesalers
0,Small Retailers
0,Small Retailers
0,Small Retailers
0,Small Retailers
0,Small Retailers
0,Small Retailers
0,Small Retailers
1,Large Wholesalers
0,Small Retailers
0,Small Retailers
0,Small Retailers
1,Large Wholesalers
0,Small Retailers
0,Small Retailers
1,Large Wholesalers
0,Small Retailers
1,Large Wholesalers
0,Small Retailers
0,Small Retailers
0,Small Retailers
1,Large Wholesalers
0,Small Retailers
0,Small Retailers
0,Small Retailers
0,Small Retailers
0,Small Retailers
0,Small Retailers
0,Small Retailers
1,Large Wholesalers
1,Large Wholesalers
0,Small Retailers
0,Small Retailers
0,Small Retailers
